Source,https://words.hk/faiman/analysis/charcount/
"
",102753
"",102753
 ,61642
!,679
$,212
%,1577
',201
(,3053
),3214
+,127
",",3450
-,2526
.,5661
/,4781
0,7112
1,8275
2,6593
3,2796
4,2414
5,2567
6,3406
7,1895
8,2245
9,2726
?,812
A,4233
B,2168
C,2782
D,4058
E,4241
F,1423
G,952
H,880
I,1932
J,2463
K,1223
L,2478
M,1835
N,1029
O,3327
P,1290
Q,270
R,1319
S,2839
T,2345
U,437
V,920
W,1722
X,338
Y,578
Z,336
],1065
a,26359
b,4836
c,8540
d,6552
e,28076
f,3478
g,4766
h,7567
i,17785
j,687
k,3965
l,15719
m,9498
n,20888
o,18031
p,6397
q,252
r,13164
s,12524
t,15616
u,9036
v,2388
w,3928
x,746
y,5338
z,565
£,2
’,207
“,171
”,215
…,10231
⋯,515
、,8869
。,80516
《,1399
》,1399
「,25003
」,24977
㗎,1203
㩒,18
㷫,8
一,43155
七,884
丈,62
三,3393
上,9135
下,9229
不,12796
且,1248
世,3245
中,7237
串,182
主,2499
久,289
之,8609
乎,1529
乏,114
乘,229
乜,2135
九,868
亂,914
了,2236
事,6588
二,2429
互,333
五,1436
亞,543
亡,269
交,1272
亦,3675
享,356
京,107
人,27688
今,2971
介,477
仍,1048
仔,4345
他,2477
付,316
代,2040
令,1889
以,15068
仰,82
仲,5565
件,1880
任,1538
份,1787
企,1898
伐,54
休,349
伯,383
估,1033
伴,174
似,4306
但,10516
佈,191
位,2184
低,1817
住,7460
佔,253
何,1746
作,3247
你,24899
佢,22558
佩,46
佬,872
使,1425
來,4710
例,1413
侍,62
供,336
依,3590
侵,88
侶,111
侷,4
便,569
係,63031
促,82
俄,30
俚,8
保,1061
信,2126
俬,8
修,417
俾,3492
個,28552
們,808
倒,531
候,1794
借,329
倡,34
倫,180
值,815
假,857
偈,121
偏,454
做,8114
停,625
側,213
偶,165
傘,56
備,451
傢,17
傲,64
傳,1195
傷,554
傾,722
像,637
僑,24
僚,11
僱,44
價,899
儀,158
儈,6
儘,46
優,306
儲,168
儼,7
元,404
兄,396
充,420
先,5872
光,1249
克,153
免,527
兒,511
入,5163
內,1220
全,3735
兩,3690
八,1114
公,3184
六,949
共,787
其,7022
具,347
兼,203
冇,4200
再,5091
冧,90
冬,104
冰,139
冷,654
凍,197
凸,55
凹,25
出,9939
函,18
分,4275
列,555
初,922
判,344
別,1203
利,1448
到,20185
制,903
刻,2302
則,760
前,4066
剛,175
剩,273
剪,94
創,376
剷,49
劃,323
劇,602
力,3431
功,903
加,2823
助,292
努,380
勁,342
勉,121
動,2836
務,511
勞,211
勢,631
勻,40
包,945
化,1740
北,483
匪,106
匿,67
區,949
十,3394
千,1065
卅,16
升,671
午,193
半,1351
卑,66
協,115
南,514
博,236
卡,534
印,493
危,261
即,3954
卷,124
卻,227
厚,211
原,2422
去,11523
參,492
又,8917
及,990
友,3206
反,2324
叔,604
取,619
受,1833
口,3250
古,760
句,2325
另,1386
只,5752
叫,3440
可,12178
台,1087
史,919
右,517
司,1419
叻,224
吃,240
各,907
合,1548
同,15872
名,2038
向,1876
吓,823
吖,288
吠,14
否,433
含,190
吸,467
吹,498
呀,6489
呃,246
呎,46
呢,15908
周,583
味,911
呻,53
呼,561
命,1123
咁,18507
咋,245
和,785
咖,252
咗,9088
咦,153
咩,6911
咪,3250
哀,126
品,1224
哂,272
哈,2615
哋,4932
哎,112
員,1023
哥,937
哦,464
唉,269
唔,36779
唞,26
唯,491
唱,723
商,487
啊,726
問,4872
啖,146
啦,7955
啫,763
啱,1078
啲,7892
喂,649
善,375
喇,1529
喊,414
喎,1444
喜,520
喝,177
喪,142
單,2014
喺,6487
喻,93
嗌,142
嗎,302
嗯,181
嗰,3361
嗱,153
嗲,25
嘅,31950
嘆,211
嘈,239
嘗,371
嘛,1040
嘞,247
嘢,4347
嘥,46
嘩,567
嘴,449
噏,80
嚇,312
嚟,5318
嚮,28
嚴,343
嚿,35
囉,1637
四,1814
回,1875
因,4759
囡,48
困,203
固,203
圈,263
國,3629
圍,728
園,362
圖,1079
團,463
土,635
在,3120
地,10726
址,70
坊,126
坐,1081
坡,57
坦,235
型,460
埃,60
埋,3825
城,885
埗,42
域,100
執,704
培,60
基,948
堂,709
堅,461
堆,675
報,1114
場,2048
塊,415
塘,159
填,207
境,561
增,214
壓,434
壞,389
壤,11
士,1433
夏,176
外,2666
多,10455
夜,732
夠,2039
夢,455
夥,18
大,15586
天,2881
太,2461
夫,330
失,1620
夾,354
奇,884
奈,210
奏,83
契,116
套,658
女,5314
奴,90
奶,230
奸,95
她,541
好,26286
如,7224
妥,69
妳,20
妹,466
妻,128
姊,71
始,2394
姐,521
威,448
娛,100
婆,924
婚,831
婦,116
媒,176
媽,1086
嫁,483
嫲,238
嬲,355
子,2684
孔,108
字,2917
存,636
季,116
孤,156
孩,201
孫,151
學,5735
守,355
安,1493
完,3991
官,565
定,5094
宜,236
客,868
宣,264
室,474
害,335
宴,54
家,9436
容,1215
宿,118
密,388
富,361
寓,29
察,496
實,6456
寧,192
審,161
寫,2609
封,351
將,2662
專,607
尋,323
對,6430
導,461
小,3633
少,4137
尤,380
就,19348
尺,87
尼,365
尾,736
局,581
居,507
屆,95
屈,169
屋,1743
展,750
層,730
屬,463
屯,38
山,1258
岸,191
島,553
崩,110
巡,34
工,2692
左,7169
差,1295
己,6411
已,5564
巴,618
市,1143
布,346
希,762
師,1303
席,212
帶,1227
常,1991
帽,100
幅,202
幕,230
幣,193
幫,1611
干,122
平,2079
年,6255
幸,365
幻,262
幼,136
幾,6840
序,202
底,994
店,389
府,686
度,5694
座,398
庭,307
康,187
廁,305
廊,99
廚,130
廢,501
廣,1164
廳,300
延,149
建,890
廿,432
式,1206
引,665
弟,402
弱,316
張,1493
強,1120
彈,478
形,977
彩,510
影,1522
往,772
待,450
律,579
後,9938
徒,258
得,13936
從,1437
復,471
微,446
徵,178
德,505
心,6890
必,1099
忘,260
忙,307
忟,6
快,2324
念,764
怕,626
怖,178
思,1485
急,779
性,1952
怪,949
恃,28
恆,96
恐,433
恢,39
恨,174
恩,177
息,559
恰,56
悉,159
悟,123
悠,58
悶,267
悼,39
情,3662
惋,11
惜,417
惡,498
想,6493
愁,81
愈,932
意,5511
愛,1926
感,2384
態,719
慘,399
慢,1550
慣,371
慮,246
慰,153
慳,137
慶,213
憂,106
憐,126
憑,159
憶,250
應,3535
懷,403
懸,57
戀,399
成,6639
我,46997
或,2701
戚,112
戰,970
戲,778
戴,285
戶,147
房,760
所,6484
手,4560
才,560
扎,108
扑,108
打,4199
扣,120
扭,171
扮,380
扯,141
扶,137
批,325
找,221
承,510
技,511
把,870
投,716
抖,111
抗,340
折,183
披,42
抱,265
抵,219
抽,397
拉,849
拍,854
拎,1481
拒,191
拖,626
招,363
拜,442
括,264
拿,424
持,1135
指,1250
按,304
挑,206
挫,36
捧,59
捨,200
捱,142
掂,477
授,158
掉,170
掌,241
排,900
掘,79
掛,447
採,107
探,303
掣,107
接,1870
推,894
揀,500
提,1436
插,359
換,698
握,232
援,111
揸,162
揹,31
搞,1829
搣,19
搬,177
搭,518
搵,2360
搶,243
摱,2
摸,266
撇,49
撈,73
撞,467
撥,142
播,276
撳,97
撻,62
擁,180
擅,35
擇,564
擊,505
擔,472
擠,106
擲,42
擺,433
擾,115
攞,272
攤,129
攪,86
支,1019
收,1530
改,1055
放,2246
政,1625
故,1137
效,375
救,515
教,2137
敢,467
散,542
敦,78
敲,104
整,985
敷,26
數,2099
文,6196
料,629
斤,83
斯,642
新,2330
斷,1089
方,3855
於,5197
施,280
旅,555
族,461
旗,125
既,18320
日,7412
早,1447
昇,34
昌,22
明,3996
易,994
星,1232
春,314
是,4777
時,9990
晏,83
晒,2473
晚,1152
普,970
景,704
晰,79
晴,56
暇,40
暈,71
暑,122
暢,88
暫,227
曬,249
更,2501
書,2361
曼,123
曾,627
替,127
最,5533
會,16711
月,1662
有,28324
朋,1853
服,610
望,3224
朝,440
期,1881
木,419
未,2957
本,4926
材,357
杯,413
東,1549
板,239
枕,19
林,1894
果,8118
枱,157
架,2983
某,788
查,438
柱,273
校,887
核,213
根,1450
格,972
梗,524
條,2716
棄,442
棵,70
植,98
楚,625
業,1125
極,1210
概,689
榜,53
榮,163
構,291
樂,1232
樑,28
樓,940
標,714
模,388
樣,6593
樹,273
橋,337
機,2989
檬,34
檯,144
檸,88
檻,24
權,838
欠,98
次,4232
欣,387
歌,983
歎,91
歐,373
歡,460
止,808
正,3640
此,1357
步,1173
歧,97
歲,605
歷,770
歸,421
死,3300
殊,77
殖,104
殘,237
段,816
殺,1175
母,979
每,1732
毒,712
比,2349
民,2013
氛,98
氣,2385
水,2959
永,483
求,1332
池,139
污,166
決,1215
沒,780
沖,239
沙,568
沮,28
油,302
治,841
況,953
泉,65
法,4001
波,650
泥,148
注,343
泰,147
泳,83
洗,598
津,92
洲,689
活,1443
流,1452
浮,178
海,1226
浸,118
消,694
涉,202
涼,242
淚,297
淡,284
淨,544
深,1299
淵,18
淺,235
添,400
清,1863
減,310
渠,68
測,212
港,5099
游,221
湊,92
湖,103
源,719
準,685
溝,284
溫,484
滯,156
滲,39
滿,887
漏,146
演,636
潔,142
潮,278
澳,318
激,439
濕,274
濟,474
灣,833
火,948
灰,253
炒,421
炸,366
為,10157
烈,290
烚,15
焗,51
無,13168
然,11528
照,822
煩,428
煮,197
煲,107
煽,26
熟,543
熱,798
燒,395
營,206
爆,823
爐,113
爛,380
爭,733
父,342
爸,581
爹,21
爺,158
爾,377
牆,227
片,787
版,422
牌,636
牙,936
牛,656
物,1795
特,1410
牽,142
犀,51
犯,380
狀,382
狗,451
獄,118
獎,117
獨,755
獲,156
獻,158
率,304
玩,1753
珍,177
珠,178
班,2080
現,3313
球,718
理,3823
瑪,55
環,815
甚,2140
生,7933
產,788
用,5888
甩,177
田,236
由,2378
甲,139
申,294
男,2205
甸,10
畀,1807
界,2020
留,1416
畢,454
番,2088
畫,926
異,635
當,5385
疏,80
疑,577
疫,161
病,631
症,111
療,93
癲,174
登,1925
發,4784
白,2086
百,1064
的,6935
皇,274
皮,485
盃,65
益,285
盒,213
盞,56
盡,876
盤,308
目,1243
直,2500
相,3258
盼,42
盾,122
省,176
看,659
真,8853
眼,2271
眾,764
着,177
睇,6236
瞓,338
矛,132
知,8078
矩,71
短,615
石,761
研,384
硬,402
碌,266
碎,171
碟,189
確,921
碼,612
礎,74
礙,83
社,1108
祈,163
祖,313
神,2361
票,582
福,401
禮,807
禱,28
私,328
秋,160
科,886
租,168
移,370
稅,78
程,1098
稚,72
種,2752
稱,565
穀,12
積,196
穩,224
究,1460
空,949
突,1274
窄,87
窮,214
立,1176
站,467
竟,2314
童,235
端,240
競,104
笑,2704
符,200
第,2389
筆,475
等,2662
答,1167
策,189
算,3051
管,537
箭,109
節,850
範,259
篇,845
簡,1021
簽,169
籃,63
籌,98
籍,82
籤,66
米,439
粉,258
粗,399
粵,1151
粹,188
精,1002
糊,118
糟,104
糧,111
系,659
紀,671
約,621
紅,894
納,154
紐,26
純,393
紙,702
級,573
素,362
索,463
紮,62
累,126
細,2167
紹,220
終,1942
組,504
結,2283
絕,1073
絡,248
給,284
統,646
綁,100
經,7340
綠,193
維,628
網,860
緊,2745
緒,182
線,1447
緣,204
編,328
緬,13
緻,38
縮,170
總,1157
繁,120
繪,57
繫,56
繳,7
繼,1648
續,1829
纜,20
缺,260
罩,188
罪,398
置,403
罰,142
署,125
羅,430
美,1491
羞,54
群,393
義,1185
習,662
老,4371
考,1050
者,3960
而,7740
耍,30
耐,1006
聊,137
聖,524
聚,235
聞,694
聯,534
聰,140
聲,3788
職,534
聽,3094
肆,63
肉,555
肝,23
肯,826
育,368
背,668
能,4780
腍,10
腐,87
腦,929
腩,32
腳,762
膊,142
膚,124
膩,28
膽,220
臉,422
臨,298
自,10018
至,3358
致,440
舅,8
與,915
興,848
舉,621
舊,838
舍,82
舒,165
舖,111
舞,283
般,477
船,269
艇,162
良,476
色,1913
花,1338
苑,37
若,504
苦,812
英,1444
茶,399
草,345
荒,113
莎,28
莫,256
菜,233
華,660
萬,1323
落,3479
著,1533
蒂,22
蒟,1
蒻,1
蓄,49
蓋,126
薩,64
薪,86
藉,93
藍,276
藏,166
蘊,31
蘋,107
蘭,283
處,1281
號,700
蚊,349
蝕,127
融,372
蠶,6
血,644
行,4654
術,850
街,1638
衝,482
衡,130
衣,294
表,2060
衫,479
衰,394
被,1209
裏,284
裔,33
補,496
裡,539
複,268
西,1802
要,13306
見,4862
規,494
視,1225
親,716
覺,4533
觀,1045
角,1286
解,4325
觸,281
言,2042
訂,110
計,1386
訊,357
討,420
訓,560
託,43
記,2316
訪,195
設,488
訴,198
診,89
詞,1149
試,1460
詩,457
話,10473
該,2376
誇,117
認,1855
誕,127
語,3546
誤,368
說,1909
課,307
調,777
談,369
請,1089
諒,119
論,1779
諗,3427
諜,8
諮,12
諸,194
謂,1027
講,11340
謝,541
謬,43
證,704
識,3134
譜,99
譬,152
議,781
護,543
讀,1384
變,2754
讚,211
谷,120
豆,273
豉,25
豐,159
象,706
豪,193
豬,382
貌,237
貓,220
負,435
財,267
貢,139
貨,423
貫,111
責,532
貴,414
貶,51
買,1301
費,629
貼,368
資,878
賞,291
賣,639
質,654
賴,133
賺,173
購,72
走,2806
起,3843
趁,140
超,769
越,746
趕,275
趣,570
足,1097
跌,414
距,231
跟,1099
路,2405
跳,526
踏,155
踢,185
踩,131
蹤,98
身,3980
車,1777
較,731
輕,869
輝,104
輩,147
輪,441
輯,179
輸,440
輾,22
轉,1566
辛,289
辦,886
辭,202
辱,77
農,143
迅,122
迎,273
近,1629
返,4349
迫,418
迴,128
追,875
退,453
送,707
透,359
逐,308
這,1193
通,2691
速,464
造,489
逢,229
連,1888
進,1095
逼,169
遇,458
遊,983
運,862
遍,133
過,11036
道,4041
達,808
遠,1147
遣,29
適,421
遲,542
選,1277
避,461
邀,61
還,854
邊,4392
邏,104
那,812
郁,374
郊,103
部,2305
都,26799
鄉,229
鄰,69
配,398
酒,845
酷,50
酸,105
醒,696
醫,810
釀,22
釋,536
里,336
重,2768
野,3514
量,893
金,1501
釣,41
鉗,8
銀,446
鋪,355
錄,427
錢,1718
錯,1805
鍾,1098
鎊,8
鎚,12
鎮,159
鐘,1361
鑊,223
鑽,90
長,2275
門,1621
閉,288
開,6495
閒,378
間,4774
闆,308
闊,138
闖,35
關,2340
阿,3382
附,301
限,425
院,630
陣,2407
除,1178
陪,281
陸,465
隊,623
階,216
隔,472
際,444
障,119
隨,881
險,330
隱,199
隻,1844
雄,273
集,622
雖,1495
雙,668
雜,414
雞,968
離,1524
難,1965
雨,440
零,709
電,2634
需,970
震,365
露,340
靈,468
青,787
靚,711
靜,706
非,1268
靠,452
面,7109
韓,185
音,1742
響,920
頂,815
順,539
預,477
頓,146
頗,37
領,468
頭,4917
頻,107
題,2581
願,494
類,1120
顧,451
顯,679
風,1525
飛,892
食,3913
飯,1154
飲,1118
養,377
餐,663
餓,105
餘,482
館,303
餸,45
首,1037
香,4449
馬,977
駁,128
駛,936
驗,442
驚,1243
驟,44
骨,326
體,1543
高,2652
髮,356
鬆,290
鬍,61
鬚,98
鬧,434
鬼,844
魚,431
鮮,224
鳴,98
鴨,121
鹹,132
麵,314
麻,604
黃,912
黐,77
黑,1046
默,290
點,8861
黨,289
齊,1458
齡,67
！,8719
（,4808
）,4905
＋,68
，,166271
：,11242
；,2376
？,15269
ａ,10
ｃ,5
ｒ,11
ｙ,3
ｚ,5
𡃁,12
𨋢,34
:,1948
咀,118
尖,254
攰,72
粒,352
覆,324
誠,766
黎,4266
😅,5
😓,2
🙂,44
丁,188
井,81
伏,171
佳,187
侈,14
催,83
億,140
典,479
勵,115
君,308
噉,898
器,280
噬,38
堪,75
墮,51
壁,103
奢,49
寬,66
尬,56
尷,59
屌,597
屢,43
崇,105
廠,110
征,40
怒,224
惹,46
扁,44
控,382
摧,41
據,577
敗,461
案,522
榨,33
武,353
毀,129
毅,38
毛,276
混,210
渡,122
漸,249
潛,166
災,98
煉,28
燈,528
爽,155
狩,5
狼,66
獵,91
疾,71
痛,694
痴,489
眠,60
砍,9
破,548
碰,76
磨,153
示,765
耗,56
腰,115
膠,365
臆,11
芻,12
苛,21
蔽,13
製,295
誘,91
謎,46
跡,181
跪,106
辣,89
迪,80
述,282
逆,123
針,181
鐵,564
降,306
項,129
鬥,386
鳳,93
麟,9
鼓,225
"""",549
&,261
​,3
俗,228
兇,127
勇,245
厭,148
塌,47
嫰,2
慕,63
憧,14
憬,13
抉,7
拋,176
旁,267
旋,96
析,235
漠,62
焦,109
練,536
羨,38
裸,55
譯,213
賽,241
赤,300
躍,82
陳,422
並,890
伸,217
切,923
卸,39
尊,250
截,128
篩,30
虛,296
違,114
銜,21
額,154
驅,65
;,82
=,3588
_,935
·,2079
–,112
—,920
─,2701
䃟,8
丫,51
丸,63
丹,104
乃,116
乍,6
乞,73
也,1105
乾,316
予,66
些,493
亭,78
仁,295
仆,710
仇,112
仙,142
仞,2
伍,29
伺,16
佑,38
佛,250
侖,1
侯,50
俯,26
俱,71
倉,85
倍,136
倦,43
健,196
偷,379
傍,28
債,56
僅,111
僊,2
僥,12
僧,15
僻,29
償,54
兔,27
兜,189
兢,20
兵,297
円,1
冒,86
冚,78
冠,117
准,70
凌,123
凡,182
凰,37
刀,349
刃,12
刊,58
划,8
刪,46
刺,190
剃,13
剌,2
剎,87
剖,12
剝,41
副,303
劈,138
劍,179
劏,48
劣,110
劫,86
劬,1
勒,53
勘,2
勝,368
勤,92
勿,51
匆,102
匙,79
匝,1
匯,189
卒,40
卜,61
叉,110
叢,29
叨,7
吉,137
吊,112
后,147
吟,58
呂,65
呆,302
告,511
咫,3
咯,171
咳,119
哨,20
哪,96
哽,26
唐,297
售,73
唾,7
啟,136
啩,53
喉,112
喙,4
嗚,185
嘉,192
嘔,134
噚,12
噤,8
噴,176
嚎,12
囂,24
囊,54
囿,5
圃,1
圓,564
圾,299
坎,86
坑,89
坪,28
坳,61
垃,302
垢,6
埔,61
埕,1
堀,23
堡,70
堤,30
堰,2
堵,11
塑,102
塔,422
塗,27
塞,162
塱,12
塵,126
墓,34
墟,14
墨,121
墩,19
墳,47
壇,119
壩,12
壯,106
壺,14
壽,77
夕,187
夷,44
奉,114
奐,4
奔,97
奧,132
奪,92
奬,8
奮,192
妙,381
妞,5
妨,62
姑,125
姓,111
姨,53
娘,181
娼,7
嫌,137
孖,71
孝,82
孟,36
孭,14
孵,3
宅,83
宇,142
宋,65
宏,39
宙,86
宮,202
寂,97
寄,112
寅,8
寒,147
寮,10
寶,344
寸,61
寺,104
尚,200
尿,114
屍,186
屎,410
屐,1
岔,26
岩,1437
岬,2
峒,12
峙,6
峰,77
峻,12
峽,13
崎,53
崖,29
崗,46
崢,1
嶂,2
嶇,6
嶸,1
嶺,65
嶼,112
巒,4
巖,3
巗,2
川,28
州,182
巢,26
巧,249
巨,137
巫,60
巾,104
巿,4
帆,16
帑,4
帝,276
帳,40
幹,126
幽,77
庇,13
床,295
庫,76
廈,141
廉,107
廟,242
弊,53
弓,34
弔,3
弘,9
弩,5
强,4
彌,64
彎,68
徊,16
徑,185
徘,17
徙,85
徠,3
循,97
徽,10
忌,137
忍,614
志,305
忽,595
怎,172
怠,27
怡,22
怨,170
怱,2
恭,109
惑,132
惟,29
惠,91
惶,34
愉,53
愚,74
愧,53
慈,51
慌,98
慎,46
慧,91
憲,41
懲,51
懶,273
懼,111
戇,105
戒,140
戙,6
戥,22
扒,248
托,177
扽,3
抄,140
抆,16
抛,2
拆,186
拔,68
拗,117
拱,89
拳,207
拾,92
挖,60
挨,41
振,136
挺,53
捐,69
捷,42
掃,183
掠,16
措,66
揚,181
揮,326
揼,50
損,113
搏,92
摩,166
摷,14
摺,68
撑,4
撟,1
撤,32
撲,87
擋,73
操,204
擒,21
擦,106
擬,64
擰,83
擱,15
擴,98
攀,19
攔,25
攜,25
攝,125
攬,142
敏,127
敬,285
斑,37
斗,58
斜,86
斟,30
斧,34
斬,139
旺,110
昂,47
昏,138
昔,39
映,157
晝,104
晨,140
智,364
暉,3
暖,144
暗,478
暮,22
暴,328
曝,23
曲,363
朗,182
末,173
朱,79
朶,2
朽,28
杉,13
李,457
村,344
束,187
松,38
枉,37
枝,236
枯,33
染,174
柔,131
柢,1
柴,155
栩,15
株,7
桂,23
桃,56
桌,11
桐,5
桑,27
梅,69
梓,101
梧,9
梭,15
梯,196
棍,86
棚,23
棠,20
森,261
棺,51
椒,39
楊,202
楓,15
榴,9
榷,10
槳,10
樸,35
樽,48
橡,9
橫,238
檐,4
檔,150
檢,137
櫃,121
櫈,38
欄,88
欖,35
欲,192
欺,76
款,259
歇,63
歉,159
歪,73
殼,50
殿,56
毫,380
毬,1
氏,94
氹,60
汀,10
汐,1
汗,204
汚,1
江,179
汲,13
汽,42
沉,385
沛,10
沫,42
沱,2
河,214
沸,16
沿,128
泊,50
泡,118
洋,360
洞,188
洩,76
洪,94
派,563
浩,71
浪,441
浴,55
涌,87
涕,31
涯,51
淆,33
淇,23
淋,88
淘,58
淪,62
淹,13
淼,1
渣,458
渴,65
渺,40
湧,97
湮,8
湯,124
溜,25
溢,14
溪,11
溯,16
滂,3
滑,148
滘,23
滾,147
漁,97
漕,4
漢,378
漫,287
漲,40
潭,146
澄,28
澇,2
澗,4
濃,103
濛,8
濤,10
濱,12
瀅,2
瀑,18
瀚,4
瀝,15
瀰,11
瀾,28
灌,30
灑,82
灘,190
灶,12
炊,2
炎,82
炮,124
炳,13
烏,123
烤,16
焉,47
煎,58
煙,485
煥,38
熊,86
熔,22
熨,23
熬,17
燊,6
燕,36
燥,32
燭,59
爍,19
爬,90
爲,155
牯,3
犁,34
狂,400
狐,23
狡,30
狸,14
狹,35
狽,11
猖,18
猛,136
猴,15
獅,98
獗,14
獸,245
玄,29
玉,129
王,942
珊,28
瑕,15
瑚,2
瑟,7
璽,3
瓊,31
瓣,15
瓦,31
瓶,28
甕,9
甫,21
畔,9
略,344
畸,15
疊,185
疵,8
痕,136
瘁,4
瘴,11
癡,34
癮,128
皆,207
盈,64
盎,12
盔,48
盛,185
盜,35
監,253
盲,132
眉,172
眷,21
眸,16
眺,10
睡,95
睫,17
睹,31
瞄,19
瞰,8
瞻,9
矣,69
矮,77
砂,32
砌,120
砭,3
砲,12
碉,16
碑,58
碧,42
磅,32
磡,11
礡,4
礦,67
祇,16
祕,8
祠,22
祭,80
禁,305
禍,83
禦,8
禪,25
禽,19
禾,43
秀,256
秊,1
秒,445
秦,204
稍,165
稔,8
稜,6
稽,32
穢,23
穫,9
穿,353
窗,240
窩,55
窰,1
窺,37
窿,104
章,408
竭,33
竹,111
笈,5
笏,15
笙,6
笠,57
笨,78
筋,54
筍,15
箇,33
箏,6
築,219
篙,5
篤,122
簾,32
籠,64
籬,41
紋,77
紓,6
紗,46
紛,99
紜,5
紥,28
紫,86
絮,13
絲,346
絶,7
綑,27
綢,3
綫,30
綱,39
綻,21
綽,16
綿,31
緩,114
縫,33
縱,97
縷,6
績,148
繆,3
繞,97
繩,86
繽,6
纍,2
纏,89
纒,1
纓,4
纖,30
缸,28
罅,26
罐,72
罟,9
罵,81
罾,2
羊,65
羌,7
羹,29
翁,60
翔,13
翠,19
翻,327
翼,145
耷,26
耽,18
肇,17
肌,47
肘,13
肚,297
肥,306
肺,119
胃,81
胞,37
胡,158
脅,60
脈,109
脊,61
脫,266
脷,64
腔,50
腕,28
腹,56
腿,121
膝,33
臺,27
舂,68
舟,187
舢,3
舨,1
航,56
艦,18
艱,66
艾,47
芋,4
芒,77
芝,67
芳,53
苔,4
苗,39
茂,29
茅,45
茜,3
茫,91
荃,31
荔,15
荷,83
荼,8
莆,1
莊,178
莽,5
菍,1
菲,110
萄,54
萍,5
葉,198
葡,73
葫,13
葵,23
蒐,3
蒙,62
蒲,86
蓮,74
蔓,17
蔭,30
蕉,58
蕩,78
薄,185
薈,4
藝,613
藤,42
藥,242
蘆,16
蘇,114
虎,183
虧,43
虹,16
蛇,179
蛋,350
蛛,21
蛟,3
蛤,5
蜂,24
蜆,4
蝴,13
蝶,24
螂,8
螳,3
螺,84
蟧,12
蟬,25
蟹,33
蟻,30
蠄,12
蠔,14
蠟,34
蠢,170
蠱,29
衆,5
衛,189
衷,85
衹,15
袁,37
袋,607
袤,2
裁,73
裂,110
裕,58
裙,163
裝,586
褪,19
褸,56
襯,123
襲,136
覽,73
訟,6
許,335
評,519
詢,50
詬,8
詳,150
誌,137
説,2
誰,177
諧,67
謀,113
謹,57
警,802
譽,75
讓,238
豈,68
豎,41
豚,12
豺,1
貝,53
貪,127
貿,55
賈,10
賊,69
賭,203
贏,299
趟,9
趨,76
趴,7
跑,395
跚,4
跣,32
跨,60
踭,9
踱,6
踴,2
蹂,8
蹄,20
蹈,38
蹟,42
蹣,4
蹺,36
躁,28
躪,8
躬,35
軌,63
軍,378
軟,233
載,172
輋,4
轆,8
轍,18
辨,56
辯,153
辰,15
逃,198
途,331
逛,11
週,63
逸,28
逾,17
遙,68
遞,109
遭,92
遮,204
遺,223
邨,25
邪,130
鄙,62
鄧,44
鄭,107
酙,1
酬,40
醇,13
醉,220
醮,11
采,46
銅,97
銷,69
鋰,1
錘,6
錦,38
錨,2
鍊,77
鍛,27
鎖,182
鏈,48
鏡,315
鑣,13
鑲,10
鑿,40
閃,258
閑,11
閘,96
閣,20
閻,16
闌,12
闢,13
防,278
阻,359
陌,78
陡,5
陰,322
陵,19
陶,105
陷,144
陽,356
隆,78
隙,18
隧,57
雀,130
雁,4
雌,8
雍,1
雪,268
雲,349
雷,172
霄,11
霞,23
霧,127
霸,280
靴,14
靶,13
鞋,214
鞍,16
鞠,26
頁,133
頃,11
須,241
頒,20
頤,1
頸,147
顆,16
顏,127
顛,45
顫,22
颱,33
飄,106
飆,10
飼,9
飽,126
飾,230
餅,161
餵,81
饋,10
馨,39
馭,8
馳,42
駅,5
駕,49
騎,116
騖,2
騮,7
騰,106
騷,63
驀,7
骸,26
骼,8
髀,69
髹,3
髻,6
魂,231
魔,464
鯉,44
鯨,19
鯽,5
鱲,4
鳥,197
鵝,37
鵰,4
鶩,8
鶴,64
鷄,3
鷗,2
鷹,52
鹽,96
鹿,39
麗,171
麥,177
黯,6
鼻,198
齋,111
龍,556
龕,14
龜,72
,1
＜,31
＞,94
Ｂ,287
Ｑ,70
𢃇,4
𢯎,2
俠,54
倪,39
匠,38
匡,39
哼,168
嘻,203
噱,6
埠,14
寢,23
庸,124
挽,48
曉,97
槍,227
沽,15
濫,57
禧,12
稿,95
竽,3
緝,8
罕,53
胸,216
臭,162
蔡,41
蝦,109
衞,34
躲,15
鈔,24
霑,21
驕,15
麼,923
傅,282
勾,104
吵,26
哲,275
啜,20
均,144
寜,1
寡,41
屠,49
嶄,8
悖,24
悲,266
拓,20
捉,377
擎,21
擸,5
敵,213
旦,71
框,90
潤,53
潰,59
窒,76
肋,20
腸,117
鍵,123
霍,15
髓,16
鴻,32
鼎,34
𡁵,29
á,55
í,96
ñ,20
ó,65
射,339
幟,13
戈,34
搖,314
橢,4
玻,115
璃,111
瓷,14
碳,13
織,204
耳,466
鑑,26
雕,111
咎,12
罷,139
咬,257
嚐,6
屙,70
掙,98
枳,5
棟,78
橘,2
汁,69
淮,6
烘,8
碗,293
秘,336
稈,1
筳,1
筷,40
芹,7
芽,19
薯,63
遷,65
饌,1
#,1777
[,1061
é,82
ü,11
〈,401
〉,402
『,679
』,679
仗,104
伊,217
傑,135
割,112
匹,30
呈,59
宗,255
宰,22
崛,12
廂,124
廓,27
描,153
摘,30
撐,128
撒,51
曆,113
枷,7
棲,6
楣,8
殉,26
滋,56
炬,14
牲,129
犧,128
猷,3
督,145
穌,66
穗,3
穹,7
筒,81
篷,9
耶,97
肅,32
股,396
臂,101
臘,82
葬,58
葺,2
訶,9
註,135
諺,13
贅,12
軸,47
輓,1
輻,7
醃,6
鋸,13
鎅,3
鎬,1
鐮,2
陲,6
雅,133
骷,8
髏,8
齒,85
儒,48
吻,56
哭,138
壹,9
姿,114
孰,10
孺,8
寵,65
戎,10
捏,24
摯,11
撮,28
曰,95
杖,41
泛,183
泣,52
爓,1
狄,4
狎,1
猶,172
畏,34
祀,15
稷,3
縟,7
羸,1
腥,31
蠻,32
衍,52
詮,14
賢,80
賦,49
踊,3
踐,56
辟,13
迭,2
遽,3
饗,4
鲁,1
－,814
垂,61
媲,13
峭,3
曠,26
樞,4
瞭,23
糯,7
繹,29
蜒,8
蜿,6
諾,79
遜,21
乖,113
抒,35
曳,14
癌,34
錫,166
頹,80
Á,11
Ú,1
ï,20
偉,301
吧,371
啡,197
啤,182
壘,19
屹,15
敞,5
梳,98
橄,19
櫳,5
氈,9
涇,2
渭,2
滅,253
爵,31
盧,91
穆,100
羣,20
菱,11
革,159
頰,18
魯,82
麪,4
～,1260
央,90
奄,37
妝,77
娶,57
婿,14
岳,36
弒,6
忠,219
瓜,124
甘,197
疇,28
肢,52
薛,23
虐,52
誓,68
誣,5
赦,26
鋤,18
驍,2
俐,7
卉,6
悍,9
押,84
掬,8
毋,75
澈,9
猜,71
玫,26
瑰,30
諷,79
謠,27
輔,121
韻,174
頌,58
馴,14
侮,31
悅,73
楹,9
涵,38
矢,20
荀,22
謁,2
豢,2
苟,34
遵,23
伇,2
埶,2
役,73
澹,1
貧,71
賤,171
,1
丘,8
倚,28
哉,36
它,52
彼,103
抬,169
瀆,37
竇,184
縣,41
跛,15
蹞,1
輟,4
邇,2
餒,20
駑,1
駿,13
驥,5
魁,13
鱉,4
傭,23
僕,27
夙,3
姻,86
峯,11
廷,67
拼,135
捍,20
掀,28
撰,19
敘,17
毆,15
洛,47
熙,22
貸,9
逕,24
醋,14
郎,187
́,1
仿,46
勸,132
啓,18
恪,4
慾,71
淫,135
祝,249
秩,58
詠,90
誦,11
誨,10
誼,60
謔,6
謙,92
迷,312
閡,2
鞏,30
咒,62
噸,16
国,30
宛,10
慨,58
捕,103
掩,145
揭,81
搗,19
搜,96
柯,22
梟,6
沃,4
瑞,25
糖,158
脂,35
艘,8
菠,12
蒜,10
蘿,39
蟲,107
販,63
陀,46
頑,21
駐,29
鹼,4
削,28
嘲,47
委,179
揾,52
温,14
焫,3
瘦,111
芯,4
冊,64
劑,46
勃,31
囪,7
牟,12
矽,5
竊,56
締,5
蓬,22
賄,9
贓,6
踞,7
乩,9
乳,64
云,90
余,60
倘,8
僮,3
允,16
冤,55
冥,19
凶,20
劾,3
厲,60
吏,13
吐,136
吾,110
哺,5
喐,1
喚,43
噹,53
墜,30
壅,2
夭,21
妖,98
姦,64
嬰,27
履,37
嵐,1
庚,3
廬,7
弗,18
御,22
患,86
愕,31
懇,47
戊,6
戌,7
扈,3
抹,193
掟,127
攘,15
攻,262
斥,99
旃,1
昨,33
札,7
杭,8
杳,3
枚,37
檀,1
歟,7
殮,3
殯,7
氤,2
氳,2
汝,14
沈,62
涓,4
澀,38
澤,83
灤,3
爇,1
獠,2
琤,1
瘟,14
癰,1
睜,32
瞑,2
砉,1
砒,8
祟,5
禳,1
禺,2
竄,16
竅,39
粥,101
紆,6
絹,3
縊,1
肴,11
胥,2
臥,9
舌,65
萌,25
衙,12
裹,11
褫,2
訖,1
詈,1
誶,1
諫,10
讞,1
趙,67
蹲,2
輒,10
迄,3
逅,6
遂,14
邸,1
銘,39
鑰,4
閂,107
閱,96
闥,1
霜,31
韋,34
饒,11
馱,5
駭,16
鸞,2
偽,131
刑,79
娃,20
帮,1
徹,138
拘,45
晾,21
械,46
綜,44
賠,62
赫,25
轄,7
錮,5
啃,18
巷,50
捲,80
牡,43
砸,18
糕,108
踎,15
迂,15
閩,18
．,415
杜,114
秤,22
袖,85
逝,54
傻,344
塚,7
屏,29
挪,17
柄,29
榻,6
槌,8
竣,3
翰,9
耄,2
耋,2
聳,51
腌,4
虔,15
酋,18
醜,145
剔,25
厓,1
嚕,30
户,4
砰,23
磚,47
粿,1
蒸,44
蔔,21
褥,4
贈,38
醬,38
🥲,1
﹑,6
©,3
吋,27
咭,63
妃,2
掗,3
撼,42
朵,51
柏,77
渦,10
漆,62
漬,2
煌,11
牧,51
盆,19
矯,12
笪,4
膏,28
臣,77
訝,89
賜,28
赴,27
鍍,3
鏽,10
鴉,22
啞,78
嬸,47
捅,11
揩,6
搪,7
瀕,13
煞,45
痹,2
盟,62
竿,7
籲,21
詭,42
軚,7
輿,28
邁,51
邦,53
 ,2
　,5812
呱,13
／,603
奠,12
旨,112
龐,33
<,86
>,199
旱,8
液,75
渾,27
澱,9
濁,16
瀉,29
甜,202
酵,7
,41
㧬,2
丟,70
凝,65
刮,37
墊,27
奀,14
拮,16
杰,20
柳,26
漿,43
瀡,7
熄,99
爪,41
狠,162
糾,45
罉,1
罌,2
茄,39
蔥,33
躉,16
鏟,12
餡,7
併,24
銃,3
駝,19
駱,15
俑,10
嗣,6
囑,10
庖,21
甥,5
矗,3
祥,44
茹,5
叛,42
孕,36
岡,17
梵,7
釘,91
ú,7
吞,152
悔,199
橙,120
皙,2
翌,16
肖,16
豔,31
貞,23
霾,14
鬱,86
あ,15
い,50
き,5
く,3
し,26
つ,11
て,27
で,18
ぬ,2
の,30
ば,4
べ,7
み,10
も,33
ら,16
亮,120
佐,43
倖,23
兀,18
凋,7
凜,23
召,60
咽,22
啼,22
喃,70
娑,2
嫂,95
弄,71
彷,70
彿,50
忖,4
恙,7
憤,97
懾,3
抑,124
拝,1
撫,41
旭,5
曽,17
朕,15
櫻,37
殆,11
滴,138
烙,4
焰,22
琴,139
皺,77
皿,7
眶,27
瞳,17
籟,10
糙,9
絢,3
艙,4
艷,8
茲,17
詔,5
軀,56
轟,157
辜,96
込,3
銳,40
鋁,12
鋼,100
陋,30
陛,3
鼾,8
𠵼,4
丑,43
彰,19
穴,21
繚,2
耀,53
胯,4
芸,6
莘,6
蛙,33
蜍,1
蜘,9
蜜,74
蟾,1
贊,48
鉅,8
雛,5
仃,6
伶,27
募,7
捩,6
洶,15
疲,59
肩,56
閥,3
鳶,4
厘,59
躋,4
屑,38
帥,20
恥,144
挈,4
曙,8
潘,40
燃,48
犬,27
籽,4
粕,2
董,63
薦,29
薰,23
¡,5
冕,12
冽,4
匱,4
呵,185
哩,110
噁,16
囚,29
娜,62
婕,2
徐,116
拇,4
拷,7
柺,3
烹,9
牀,5
稀,52
箍,14
箱,118
紈,1
紳,16
絝,1
綵,3
縛,15
耆,5
聾,20
胳,3
褲,269
襟,25
賓,111
贖,30
遏,5
遑,12
閹,4
霎,14
顰,8
魅,37
【,393
】,393
㝝,1
刷,42
嘸,6
妄,68
帖,46
慚,19
楷,12
瞞,23
繃,23
纂,4
霓,4
鞭,31
寞,39
沌,10
焚,45
瘋,194
芬,53
萎,15
邃,4
酌,10
酗,5
隸,37
齣,30
簿,39
葛,24
駒,20
倭,10
凱,39
嘰,18
晉,20
氾,4
琉,15
癩,15
綴,14
萊,13
趷,5
迦,12
骰,42
刁,25
唧,25
埞,5
拌,5
燶,18
矚,3
蔬,3
薊,2
薑,15
孱,5
牢,28
叮,90
很,395
脹,73
膨,26
荳,2
蜃,5
韮,2
餃,15
😇,2
娟,13
媚,31
嬋,1
昧,45
曖,23
漱,3
潑,32
É,3
亨,14
喱,35
巔,20
戮,6
癖,15
眈,2
羔,8
衩,1
袍,53
詡,8
鄂,1
鴿,26
麾,3
券,48
妒,20
柬,1
椅,40
郵,76
＠,7
搲,1
斐,2
汪,15
甬,3
碩,28
缽,2
芫,3
荽,1
螢,49
鍋,26
鐧,13
啪,124
搽,19
脾,81
腎,8
腺,8
鉛,39
錶,41
韌,5
😂,10
😎,5
亢,24
唂,2
拃,4
拙,26
昕,2
滄,24
琪,37
蜑,9
蹊,12
妓,39
婪,7
恿,8
愫,2
慫,8
桎,2
梏,2
諄,4
遁,21
黹,2
佚,2
擘,26
炫,19
絞,10
絳,8
袱,21
☎,1
刋,1
脆,68
️,37
😆,4
占,25
ガ,2
デ,2
ヌ,2
ボ,2
ル,2
ン,9
ー,11
啅,2
焼,2
疚,34
窪,4
﹕,10
姆,26
棕,8
槽,11
櫚,2
沾,32
篡,7
@,67
冑,2
呔,5
巉,6
彙,76
拐,25
棋,76
殲,6
殷,22
溉,3
澡,1
祚,1
簇,10
耕,28
聘,18
🥂,1
凳,56
唇,104
氧,14
犄,2
畜,15
盦,2
腓,1
菌,29
赭,1
霉,32
亶,1
柒,220
軒,28
轅,6
遼,6
²,3
³,3
¹,3
⁰,1
嗇,8
噃,29
埈,2
孽,22
恫,4
搓,28
斡,1
曹,28
炷,4
牴,3
畋,1
盂,23
訣,20
轎,8
ö,2
冶,8
喀,4
壑,2
棧,9
湄,3
溶,51
濺,17
瘓,12
癱,22
睛,86
穎,20
緯,7
翳,10
茵,4
莉,31
蒼,52
黏,22
😃,4
😛,2
窖,8
嵌,5
琢,6
璀,4
璨,4
褶,1
訥,1
鏤,1
*,363
^,34
~,492
Ⅱ,1
〜,5
お,5
か,27
こ,9
ご,2
さ,2
た,14
だ,8
ち,10
っ,9
と,17
な,19
ふ,1
ぼ,1
ゃ,2
ょ,2
り,8
ん,10
ア,1
イ,2
エ,1
キ,4
ク,5
コ,2
ジ,2
セ,1
タ,1
ト,2
ド,1
ナ,1
バ,2
パ,1
ヘ,3
マ,3
メ,2
モ,2
ヤ,1
ラ,3
リ,2
・,11
乙,55
伙,112
俺,2
凪,2
匣,13
吼,35
啾,3
噌,3
嫉,7
嬉,55
嬌,105
悪,1
憎,176
懵,38
揣,13
摏,2
撚,917
曜,1
桶,73
気,1
潦,7
疆,8
疤,13
痾,22
瘡,23
矇,20
秏,1
絨,10
羽,39
脚,6
茨,1
菇,29
辺,1
関,4
閪,62
阪,6
鱗,7
鳩,427
沐,14
熾,9
唶,124
嘿,275
撕,46
睥,15
哄,29
慷,11
梨,51
燬,2
萃,10
＊,675
２,203
３,128
４,109
５,115
Ａ,653
Ｄ,1274
Ｅ,844
Ｋ,218
Ｍ,302
Ｏ,812
Ｒ,494
Ｖ,123
Ｙ,206
ç,3
姜,2
姬,16
汶,13
芈,1
驪,2
乸,31
侲,2
劉,170
叭,11
吶,9
喋,9
嘮,4
塡,1
奚,6
幡,4
扇,31
摟,11
攋,4
晶,44
杆,15
桔,5
棉,31
橛,2
毽,2
淒,28
潺,12
煨,5
瘀,17
稟,7
筲,3
箕,6
舵,2
芥,12
荊,30
菩,15
蓆,12
藕,4
蘸,2
蝨,3
螃,1
蠅,13
訛,9
逗,48
鈍,5
餼,1
鱔,3
鷂,3
麒,2
鼠,141
𠽤,1
𡁻,2
倆,19
拈,8
朦,12
瀧,11
瞎,4
稻,12
腫,31
臃,2
蔑,15
詣,7
誅,23
［,448
］,447
癒,6
Ｌ,566
＿,88
厄,11
胎,41
惰,21
﹐,43
懂,119
鵲,2
㨴,5
兮,24
唥,10
嘍,18
垓,1
媳,5
惱,48
扼,19
揦,4
曱,38
歹,13
涅,5
燴,5
甴,39
祉,3
禤,1
茴,1
虞,12
覓,27
謭,1
譏,3
蹴,4
鑾,10
饅,10
騅,2
魄,45
鯁,2
倔,9
卵,9
嬅,95
寥,16
徨,7
徬,5
惘,18
憾,79
懈,18
抓,56
攏,16
晦,22
漩,7
狙,18
疼,7
磊,7
祐,2
耘,4
耿,19
舛,2
迥,3
鑄,16
 ,102
う,14
え,2
が,10
け,8
に,14
は,12
ま,24
る,14
倀,2
儆,4
兆,25
兌,22
冀,6
区,2
卓,12
卦,24
叱,21
吒,3
吱,33
吽,14
哣,11
唏,30
喘,69
嗤,14
嘜,5
嘟,47
嘯,48
嘶,28
噓,42
嚥,7
囤,7
夯,3
奕,46
婉,27
宵,76
尹,12
屁,47
廝,18
弦,37
恋,2
恍,24
恤,81
悄,24
悵,11
惕,13
惺,22
憚,8
憫,17
懺,15
戟,2
拑,4
捽,46
揑,2
撩,32
擢,3
攸,4
敍,13
斃,18
昆,18
昭,27
朔,7
棘,13
殞,7
汞,1
汰,26
沼,4
泌,5
溺,15
滌,8
滔,60
漂,48
濡,10
炆,5
炕,3
炙,12
点,4
燦,28
猝,12
猾,1
玲,128
瓏,13
痍,6
眨,78
睄,23
硯,3
磁,73
磐,2
稳,1
粟,34
絃,2
綸,3
继,2
续,2
翩,14
聆,17
胜,1
膾,7
臟,29
芙,3
莠,6
蓉,8
蔗,9
蕭,42
蝙,6
蝠,6
裨,2
褒,8
襄,11
覷,3
詐,38
諉,6
諱,10
謳,9
譎,4
设,1
豁,38
豫,48
賀,34
蹋,12
蹶,8
逍,8
逮,9
郭,293
釐,11
鈴,52
錐,8
鏐,1
闕,3
阶,1
靖,10
韜,7
项,1
飢,18
饑,7
驛,5
骯,5
髒,8
髯,5
鱷,8
＂,40
１,319
６,109
７,84
＝,300
Ｇ,273
Ｉ,464
Ｊ,72
Ｎ,454
Ｐ,318
Ｓ,480
Ｔ,560
Ｗ,148
Ｘ,170
ｄ,5
淥,8
阱,23
＃,256
Ｃ,379
Ｆ,240
Ｕ,232
伎,2
銹,4
→,38
佇,8
蚺,1
罔,8
‍,9
♂,1
䕺,1
噪,16
梁,270
瑣,19
鑼,47
騙,43
🏻,9
💬,4
🔥,4
🙇,3
僭,22
🏿,4
🙏,4
傀,7
儕,7
儡,7
堯,5
怯,16
撿,7
毁,12
沬,4
絀,4
聶,1
謊,15
鈺,15
驊,3
垣,9
樺,25
糞,5
胖,8
裱,2
￼,4
𠝹,5
两,4
个,108
于,15
卫,1
号,2
哮,21
图,2
坨,1
垮,4
妊,1
姪,8
娠,1
学,1
岁,4
庆,1
怜,2
懃,2
旬,3
泄,23
瀨,36
琦,32
縴,2
膿,12
菁,4
薇,10
褂,1
誡,9
鸡,2
龔,5
｜,6
僵,31
壟,25
鹵,4
咸,38
掦,1
斂,18
閏,10
𤈂,1
摒,10
癥,7
祿,11
刨,18
叩,2
唸,37
嗔,4
嗡,16
妮,25
毘,1
虫,3
諦,5
琳,16
鋒,88
癢,20
踰,3
俊,92
掹,18
栢,10
梘,9
纈,1
遢,20
邋,23
駢,4
螞,15
咇,6
嶽,5
竉,1
吔,10
唓,12
嚨,37
−,6
♀,8
寨,15
揪,12
殻,5
痰,13
髺,1
鯰,1
🤦,5
嗽,14
嚏,11
万,4
佘,2
凈,3
吳,73
孚,8
彭,35
摑,20
旻,2
曦,6
欽,17
汾,7
煒,3
琛,265
筠,1
蔣,9
嗒,14
譁,3
酉,1
鋈,1
隍,2
擂,12
楝,8
繡,9
〇,9
庵,2
恕,24
葩,2
詼,1
黄,5
佗,1
嚡,2
︰,73
﹗,73
啷,6
歛,10
賬,17
翊,4
翎,3
鈞,24
埼,10
尸,10
譴,11
Ｈ,228
カ,2
น,1
ี,4
่,3
ッ,6
プ,1
ㄌ,2
ㄎ,3
ㄏ,1
ㄚ,2
ㄝ,1
ㆴ,1
ㆶ,4
㤇,1
丨,3
侗,3
唨,1
尐,79
扤,2
礫,4
緙,1
虢,1
迆,1
闡,11
락,1
릭,1
칵,1
킥,1
킾,1
해,2
𝑎,1
𝗮,1
‧,131
暨,5
濾,16
🎄,1
📷,1
🔭,1
😋,1
🙃,1
抨,13
儂,5
圳,30
９,131
０,260
尉,9
佣,10
喔,18
嗟,10
恒,36
硫,3
磺,1
跎,4
蹉,3
棒,47
娥,9
恬,2
愎,2
琼,12
豹,15
吩,14
咐,16
怵,4
撬,6
甦,1
紊,2
菊,20
諭,9
釜,6
隅,2
侃,22
彬,5
掖,1
藩,8
偵,23
慤,7
緃,1
踨,1
辧,6
鐡,5
証,18
錕,3
騐,2
䅲,1
伽,14
炭,41
仕,10
衊,3
拯,47
漣,5
漪,5
瑜,10
盪,14
瞬,56
醞,2
响,48
踵,8
瞥,5
矜,9
肪,4
蜓,11
蜻,13
餚,4
叠,3
啄,7
岑,14
庶,11
彤,22
扚,2
欸,3
殃,6
漓,13
猥,12
瑛,1
皃,1
盍,1
辵,1
迢,5
隕,4
驄,2
鴛,13
鵡,2
鸚,3
嗬,2
縈,5
馮,33
冼,2
咧,379
燙,8
禿,8
緹,3
什,26
弛,4
瘤,8
贍,1
蹝,1
姥,9
ß,4
 ,22
俹,1
簁,1
紉,1
芡,1
鈕,39
鎂,1
𢭃,1
么,5
焊,5
鴦,12
佮,5
亲,1
儍,2
冲,1
悸,7
鍥,3
吡,1
霆,16
嗜,16
弼,1
禎,15
袞,1
鰲,3
喳,13
嗻,1
懿,1
箝,3
詛,5
❤,7
徇,1
翦,5
臻,7
俎,5
俏,16
几,14
咚,5
啐,9
弈,2
愣,8
瞇,45
瞪,64
縝,2
脯,7
蠍,5
襪,27
,3
呸,9
啝,2
疋,4
№,2
睞,2
翹,12
膺,4
咤,8
噩,12
囍,9
浚,7
澧,5
菀,2
蕊,5
来,2
詫,9
渙,2
摔,17
歃,1
鑒,7
𢱑,1
抌,6
鄺,81
醍,2
醐,2
喵,3
帛,13
愜,2
腑,10
膜,28
倩,6
嚼,16
嫗,1
廖,19
懊,3
暏,1
朧,11
杼,7
櫥,3
瀟,21
砵,7
硝,2
磋,4
筵,5
葭,1
蒹,1
蜀,4
諳,5
霏,3
髪,2
魷,3
黛,6
掕,4
渲,6
珈,23
漾,2
珀,1
琥,1
盅,14
趾,6
逞,16
酊,2
酩,2
訕,23
剿,6
桀,2
邂,5
睬,28
蛻,2
壬,1
妤,4
嫩,44
彥,14
暱,7
舜,7
辮,4
乒,5
乓,5
仝,4
恴,1
栽,11
殭,6
淑,20
遐,3
俘,6
虜,8
勳,12
唚,4
燉,4
燘,1
頡,18
鸛,1
\,46
{,17
|,8
},17
Δ,4
μ,2
σ,2
ì,1
㨢,3
丞,5
夌,5
岌,31
拂,13
晃,43
淩,1
痢,1
笆,1
綾,2
翅,36
膳,7
蕾,27
跋,3
丙,18
杏,9
颶,1
⁴,1
顥,1
黌,1
魘,3
姍,2
洽,3
釁,8
鎗,5
餬,2
ɔ,2
θ,2
倌,4
囹,1
圄,1
妍,4
孮,2
戳,4
暄,3
沆,2
泵,3
瀸,1
烽,4
燎,1
犢,6
砥,2
礪,1
艺,1
阮,3
雯,21
髦,3
鵠,1
扳,11
秉,8
騁,2
広,3
辞,3
潚,2
覇,2
譚,34
＄,16
％,53
８,80
〖,5
〗,5
紂,3
寰,7
瀛,4
熵,1
🌲,1
☆,13
囈,9
埲,5
宝,3
杠,1
氟,1
笛,23
鈎,4
銼,1
鰭,1
慟,3
灸,1
銖,5
錙,3
椎,2
檎,2
韁,2
内,6
効,1
硃,1
喼,22
詁,6
㦸,2
浦,16
蕃,13
侄,1
亥,2
拭,8
碴,1
鬨,4
鰍,2
誔,1
咓,3
挾,6
莞,16
蔃,1
°,12
减,1
嗶,3
猩,12
姣,15
胭,12
会,8
写,3
恵,4
戯,1
湾,1
濠,6
皈,2
礼,2
綏,1
脗,1
＆,17
㾻,1
仄,68
叶,11
咑,1
滸,6
瀲,1
灩,1
燾,12
睺,1
虯,2
蟠,1
軾,2
魏,6
☺,5
幢,18
酪,2
😝,1
𢴇,1
灼,11
訏,1
鬯,3
唁,1
滬,2
邵,1
慄,24
①,57
②,47
③,37
④,21
⑤,20
⑥,15
⑦,10
⭐,9
🍅,4
←,7
卯,1
厥,4
佃,1
噢,41
滓,3
熏,3
踪,3
銬,6
鋌,1
齌,2
飴,4
倨,1
咱,3
掐,2
盯,14
緘,2
褻,9
咕,25
嫦,6
痺,9
蝗,36
蛾,5
酚,1
両,6
扉,2
痊,1
忿,20
桿,15
槓,8
諎,1
卿,23
曇,4
靡,20
匾,4
惆,6
榕,7
湛,3
蕞,1
槃,2
🐓,1
俸,2
参,1
扔,4
瀏,10
聡,4
聴,1
餉,2
𡁬,2
羈,20
卧,4
㖭,29
喞,1
坷,3
煤,10
燼,12
芭,9
跤,2
鼆,5
嘭,11
炯,12
簷,5
鞘,4
夸,2
媧,3
浙,6
睦,3
窯,1
羿,1
臍,4
誑,1
墻,1
浹,2
濯,1
釵,4
鷺,1
忤,2
恣,2
棱,1
籮,6
軼,1
劊,4
捋,2
禠,2
韙,1
❓,1
罊,1
遡,3
鮑,15
🌜,2
𠒇,12
緲,3
縹,4
𠺝,1
喧,17
挲,1
鴆,1
黝,4
渝,2
睿,4
窈,2
窕,2
🏽,6
🙆,2
🤷,3
🎁,1
🎂,1
🎉,1
丕,2
妾,2
窟,4
篸,1
邑,5
鄒,1
鄹,1
隋,7
♥,5
🙄,6
愾,2
隘,3
摀,2
喬,10
忪,4
臾,1
鉸,4
闔,5
哇,50
賒,9
鵪,3
鶉,3
咆,15
 ,14
佻,8
剮,1
匍,5
匐,5
叼,4
吁,7
吆,6
吭,10
呯,21
呷,9
啕,4
嗄,16
嗆,2
嗝,2
嗨,10
嘖,49
嘷,1
噗,14
噫,4
噯,3
墅,8
媛,1
峋,1
嶙,1
幌,5
怔,33
拚,15
揖,11
搔,20
摵,4
擻,4
晌,15
暪,17
棗,9
涎,10
犲,1
猢,1
猻,1
獪,5
獰,17
畿,3
瘠,2
皚,2
瞌,6
瞼,4
簸,5
糅,1
縻,1
繭,2
腆,12
臠,2
舔,33
藹,12
螻,5
誹,4
謗,4
賅,5
軑,5
霹,10
靂,10
靦,10
顎,2
鯊,43
＼,4
孜,4
峴,1
毗,1
眩,3
蟄,1
偕,10
圜,5
悚,10
掔,1
栗,5
珞,2
璧,8
瓔,2
盹,1
眯,3
腮,9
蛀,6
詰,2
誒,4
蹙,1
躺,12
輛,4
霽,1
玟,1
皓,2
兀,1
隷,1
吝,4
摻,1
茁,2
觴,1
棹,1
櫫,1
佞,1
☹,8
😍,3
😔,2
🤔,3
氮,7
猿,4
曚,1
癇,1
ū,416
洳,1
♡,2
す,19
ど,4
ツ,1
椿,2
様,3
澪,1
韭,2
颼,2
﹣,22
竪,3
飪,1
儉,6
ざ,1
め,4
만,1
받,1
복,1
새,1
세,1
요,4
으,1
이,1
嘀,2
嘚,2
黷,1
𠺢,7
禀,2
蒞,19
蒿,1
踝,1
颯,3
嫖,21
枴,4
呑,1
😏,1
娉,1
婀,1
婷,6
嬈,1
憨,3
瓠,1
綺,6
螓,1
※,10
⑧,2
せ,3
れ,2
を,7
为,7
习,2
书,2
乱,2
从,2
仨,1
价,2
众,3
体,5
儿,1
关,1
冗,13
剋,11
势,2
匈,3
卍,4
叙,3
叵,2
叹,2
吮,1
员,2
啻,2
嚷,6
圏,3
坤,9
埸,1
墾,1
壴,1
妣,1
嫵,7
嫻,6
实,9
寇,3
对,4
将,1
届,1
属,1
岂,1
岫,1
岱,1
崔,19
巍,6
帐,1
帚,4
带,2
张,2
彊,5
录,1
忐,3
忑,3
忒,1
忧,1
忳,1
怀,1
总,1
悌,1
您,7
悽,4
惊,1
惴,10
愀,6
愴,4
憩,5
懦,27
戍,1
戕,1
戾,6
抿,5
捫,1
掄,1
掏,6
揺,2
搁,3
搥,2
摶,4
摹,3
攫,7
敕,2
敝,9
无,4
时,6
显,1
晓,1
晢,2
晩,2
极,2
柚,6
梆,1
楞,1
樁,9
樫,2
殂,1
残,2
殤,1
毌,1
氫,2
沏,1
泓,4
泪,3
泱,6
淤,5
漉,4
澰,6
瀣,1
热,2
牘,2
牠,2
状,1
独,2
獷,2
瑄,1
璞,5
疴,1
癟,2
眢,1
睨,3
睽,6
瞧,2
硤,9
碍,1
祺,2
稠,3
窘,12
笔,2
箴,2
箸,4
簌,2
糉,13
糭,25
糴,4
紕,3
终,3
给,5
耑,4
聒,1
脖,3
腋,1
腴,1
膶,3
节,1
荡,1
荣,2
莓,14
蔻,2
蕪,7
藻,3
蘑,1
蚣,1
蜈,1
袒,6
装,1
裘,2
裴,2
褐,3
襠,1
襤,1
覲,2
见,3
觉,2
詆,6
諂,1
諛,1
謾,4
认,2
记,3
论,2
评,4
诛,1
话,5
语,4
说,1
请,1
谐,1
豊,13
豕,1
貅,4
貔,4
貽,1
賂,14
质,1
踁,1
踘,1
踮,2
蹹,1
躇,15
躊,15
軋,5
车,1
还,4
进,5
远,1
连,1
邓,1
醴,1
鈿,2
鉴,1
錡,1
鏗,7
鏘,10
鑠,1
针,1
钞,1
长,6
问,1
闹,1
阁,1
险,1
随,2
难,3
霪,1
靄,2
预,1
题,1
风,1
驢,5
鬢,5
鴕,2
鵬,11
齜,1
＇,4
Ｚ,26
ｂ,1
ｅ,21
ｆ,5
ｇ,9
ｈ,8
ｉ,13
ｋ,3
ｌ,4
ｍ,2
ｎ,13
ｏ,16
ｐ,6
ｓ,9
ｔ,13
ｕ,4
ｖ,4
ｗ,1
Č,1
ř,1
▶,1
东,3
丽,3
偌,2
冢,4
决,2
击,1
匕,2
咨,10
唆,5
啥,2
嗓,3
圭,13
奥,1
妲,1
嫣,7
嬴,8
宦,3
帕,4
廸,1
弧,11
彪,4
惻,7
慵,4
懍,2
捺,12
掰,2
揄,3
揶,3
搐,4
撓,9
擄,2
杀,2
杞,2
枪,1
样,1
椰,4
檄,1
檜,2
毓,12
氓,5
气,2
氰,3
汨,6
洒,3
涂,7
涸,3
漒,2
潢,4
潸,1
环,1
瑤,22
瑩,11
瞅,2
称,1
簧,3
緋,8
緞,2
约,1
纷,2
罹,2
翥,1
膀,6
膛,4
舀,19
范,8
获,1
菅,1
虽,2
蚓,4
蚯,4
覤,1
观,2
訐,1
詹,10
貂,1
賁,4
资,1
赛,2
赞,2
踉,1
蹌,1
軏,1
运,1
选,1
遴,2
酲,3
錚,2
银,2
错,1
间,1
阡,3
雹,1
韲,1
顱,1
騾,6
鶯,4
齏,2
齙,2
🔊,1
🔘,1
😁,3
😥,1
ø,1
ğ,2
İ,1
ı,1
Ε,1
ή,1
ί,2
α,3
γ,2
ε,4
η,1
ι,1
κ,1
λ,1
ν,2
ο,1
ρ,1
τ,1
υ,2
χ,1
ύ,1
Е,1
С,3
Т,1
Х,1
а,8
б,2
в,1
д,3
е,3
з,1
и,3
й,2
л,4
м,1
н,5
о,8
п,1
р,7
с,4
т,1
ш,1
ь,1
э,2
я,4
ү,2
ө,2
أ,1
ا,2
ة,2
ج,1
ح,1
د,2
ر,1
ش,3
ص,1
ك,1
ل,1
و,3
ي,5
ം,1
ആ,1
ഗ,1
ങ,2
ച,2
ജ,1
ദ,1
ന,5
യ,1
ര,1
ല,2
ാ,1
ി,3
ു,1
േ,1
്,5
ൾ,1
ก,1
ข,3
ค,1
ณ,1
ด,2
บ,1
พ,1
ภ,1
ย,2
ว,2
ส,3
อ,2
า,1
ิ,1
ุ,2
เ,3
‘,11
↓,2
↖,1
↗,1
↘,2
↙,2
ぐ,2
ず,3
へ,2
よ,4
ェ,1
オ,1
シ,3
ホ,2
ム,2
ャ,1
业,2
义,1
亿,1
们,3
偃,2
偎,3
兴,1
冏,1
况,2
办,2
华,3
发,3
吂,1
听,1
咔,10
喏,3
噥,5
嚓,8
囌,2
囝,11
场,1
坂,2
坚,1
声,2
复,1
奋,1
奎,4
妁,2
娓,8
嬤,4
寻,1
岗,1
广,1
应,4
开,1
异,1
弃,1
归,1
悴,7
惦,1
愿,3
憊,5
憔,7
懨,1
戛,3
护,2
拥,1
捌,18
捜,2
揉,8
旌,1
暁,1
机,2
枹,1
梢,1
梦,1
楨,4
毕,2
汕,5
洙,2
济,1
灭,1
灯,2
煬,3
爱,1
现,3
痱,5
皂,5
祂,4
窓,2
紧,3
縶,1
线,1
细,1
经,2
结,1
络,1
绝,1
翟,4
联,1
胁,1
苯,1
茱,1
萸,1
蔚,6
蕙,9
蜚,1
蜢,11
裳,1
諢,1
譟,5
让,2
证,1
该,3
课,1
贵,1
蹓,2
轨,1
这,2
适,1
逊,1
酣,4
酥,5
醛,1
释,1
鍚,10
鎧,1
鏹,1
鐳,2
霖,1
顺,1
餾,2
馈,1
騭,1
鬈,7
鱂,1
鲘,1
麋,1
黍,1
감,2
강,1
건,1
난,1
니,2
다,2
사,2
샤,2
어,5
예,1
오,2
은,1
좋,1
태,1
합,2
︳,1
â,2
è,3
ê,4
ô,3
û,5
ō,3
ง,1
ม,1
ล,1
แ,1
‖,1
ね,2
ほ,1
む,4
や,1
ケ,1
ㅐ,1
ㅔ,1
㨂,1
䓤,1
丐,2
丼,1
乭,1
俳,3
偲,1
匸,14
呤,3
哘,2
唪,8
唷,3
嗦,5
幔,1
庾,7
徂,3
恁,6
扱,2
揞,2
搦,2
擳,2
敎,4
沓,7
涙,1
珮,2
産,1
癐,3
碇,2
礬,2
穞,1
窂,1
筱,2
篱,2
縐,4
肶,1
艮,1
菓,2
萱,1
蔴,1
蠓,1
裇,3
赢,2
躝,4
躹,2
鏖,2
陞,1
飊,2
驃,9
鴇,11
ꙮ,1
고,2
공,1
구,1
국,2
김,1
남,1
당,1
돼,1
를,2
매,1
먹,1
방,1
부,1
분,1
서,1
식,1
싶,1
안,1
에,1
와,1
왔,1
의,1
일,1
있,1
치,1
하,1
한,2
🇭,1
🇵,1
🎶,1
😡,4
😢,1
😮,1
😱,3
𠾴,2
𡲢,1
𢲡,4
𢳂,2
𣲷,4
𥄫,1
𨈇,1
𨤳,1
晉,1
栞,1
囗,1
𠻹,2
㗰,1
磯,1
刎,1
啋,1
婊,1
藐,3
驘,1
糠,1
╱,1
｛,1
｝,1
褚,1
廛,1
曩,1
郡,5
ɛ,2
̌,2
亍,2
彳,2
忡,6
焯,2
煇,4
‎,23
‪,21
‬,23
樖,2
毎,1
茉,1
臀,4
町,1
頽,2
亟,1
叁,2
玖,1
貳,5
餞,1
迹,1
擤,1
咏,6
わ,1
価,1
値,1
変,1
幪,1
昩,2
観,1
弭,2
甄,2
唻,22
軻,2
邯,3
鄲,3
岐,4
畨,1
惝,1
榭,1
湃,4
滇,1
澎,6
簪,1
绮,1
鞦,1
韆,1
顔,1
鵑,1
𠽌,2
洎,1
洵,1
茍,1
讒,1
喫,3
熹,4
彚,1
溏,2
翡,3
樵,1
琵,2
琶,2
簫,29
⇨,1
擗,1
籐,4
狪,1
絆,4
罄,3
熜,2
鏢,10
焙,2
尢,2
胴,3
駙,1
鐸,1
麝,1
伕,3
耒,1
麓,3
没,3
𠴱,1
瞽,1
崳,3
葯,1
﹖,55
㰖,1
,82
×,3
 ,15
⑨,1
⑩,1
●,13
☓,11
劌,8
勺,7
咿,13
嚢,1
姚,8
婢,1
媾,2
孻,2
徧,1
懞,1
抺,9
捻,3
泯,3
熒,8
羮,13
舐,4
苞,3
虻,1
蹀,1
躞,1
轔,4
鳯,3
,39
｢,55
｣,58
〔,3
〕,3
掤,1
孛,1
氖,2
溥,2
獃,1
,2
闗,1
粽,1
à,3
♪,4
♫,2
♬,2
葆,6
贛,1
ゴ,1
蟑,1
•,1
蟆,2
謄,10
蹇,1
げ,1
ウ,2
ォ,2
チ,1
伝,1
攙,2
澆,1
蔦,1
閨,4
魍,1
魎,1
魑,2
蹩,2
紡,2
ュ,1
レ,1
憟,1
祢,13
删,1
痘,1
剽,1
咄,6
喁,2
宄,1
槎,1
灞,1
甌,2
畝,1
睢,1
粱,1
粲,1
罡,1
諍,1
賸,1
逋,1
郢,1
鄕,1
鋏,1
韉,1
韶,3
㕭,2
䟓,1
嗅,2
怦,3
躂,6
佼,6
侏,5
勛,1
堊,1
彗,1
楔,1
槤,1
瀘,1
瘍,2
秃,4
胱,2
蚩,3
讖,3
醺,3
鏞,1
麈,1
,3
,1
羡,2
蚤,1
々,1
欧,1
頼,1
尻,3
槐,2
脇,1
蚍,1
蜉,1
鏑,1
檳,18
虱,20
跆,1
邱,2
,1
涿,2
喲,20
煜,1
羚,5
,1
囁,3
捶,3
蝸,2
崑,1
撘,2
鯇,2
傞,2
刧,1
埇,1
摭,2
咃,3
杷,2
鮫,1
嗩,1
哆,3
屄,2
肓,4
揈,4
莖,4
攣,6
涔,2
燠,2
痙,1
騸,3
	,11
剥,3
｡,40
愨,2
褊,1
㗳,2
猙,4
睩,1
雒,1
欶,2
㨃,1
䜙,1
卽,4
徛,3
懕,2
捃,2
槪,2
滕,2
澌,2
獳,1
眞,3
矖,1
砐,2
袂,1
謷,1
逳,1
净,1
尴,3
浓,1
粤,1
级,1
讲,1
谂,2
阵,1
岀,3
鈣,1
癆,1
蠆,1
貯,1
絰,1
嘎,13
摙,1
焮,1
哟,1
〝,5
〞,5
呮,1
嘑,1
囖,3
妗,1
罸,1
閙,2
佯,1
俞,1
璣,1
謏,1
蹭,2
鎩,1
麽,1
齟,1
齬,1
嗮,1
巹,1
旣,34
祁,1
藺,4
膈,1
鯹,1
厠,2
挅,1
柸,1
噠,5
摞,2
幀,1
拄,1
燻,2
薜,2
蜷,1
⫾,1
⫿,2
⬀,1
塢,1
崽,2
寐,2
忱,2
淳,2
ã,1
ä,13
î,2
ò,2
ù,4
ā,6
ī,1
啉,1
糹,2
肨,2
胚,1
芩,2
莅,3
飩,2
僆,1
嗉,1
嚹,2
孥,2
昅,1
卌,1
趺,1
躑,1
礴,1
噖,2
噝,1
譭,2
哧,4
壆,1
孑,1
怙,1
悛,1
捂,1
旎,1
旖,1
猄,1
瞟,2
矓,3
笫,1
篋,1
蹦,4
躀,1
隼,1
顴,1
駄,3
黠,1
ｘ,4
墈,2
幃,1
撂,2
枇,1
炖,1
燄,3
疙,1
瘩,1
笳,1
靨,1
傣,1
嫡,1
狏,2
睼,1
𤝛,1
暝,1
柿,1
珏,2
緅,2
骹,2
嗥,1
悻,2
烟,1
粼,6
鎢,1
驁,1
鰂,1
嚅,2
昷,14
砧,1
鎯,1
鐺,1
刄,1
峇,1
挒,2
濘,1
孌,1
朣,1
沢,1
濂,2
癦,1
簣,1
肛,2
鈾,1
埴,1
戅,2
禹,1
糜,1
蕎,1
,2
滙,1
ǐ,1
⺟,1
⼀,12
⼆,1
⼈,28
⼊,2
⼝,1
⼤,4
⼰,1
⽂,1
⽅,1
⽣,1
⽤,4
⽩,1
⽭,1
⽼,1
⽽,1
⾃,3
⾄,1
⾏,1
⾒,2
⾮,2
⾯,2
⾳,3
⾸,1
⾺,1
亱,1
凖,1
嚫,1
并,1
徼,1
悞,1
箋,1
纔,1
视,1
栓,14
湘,37
縄,1
啵,3
掁,1
溻,3
𡙁,1
淅,1
攢,1
糍,1
綳,1
窝,1
鰥,1
燜,1
哐,1
嚶,4
揜,1
撠,1
旮,2
旯,2
繑,2
翕,3
舳,1
艫,1
踼,1
煁,1
嚱,3
洱,2
簋,1
譖,1
圑,1
嬏,1
柑,1
礁,1
緑,1
縁,1
罨,1
膞,3
逄,2
録,1
鯪,2
瘌,1
嘓,1
噣,1
樟,1
氯,6
鉤,5
閤,1
餿,1
骴,2
呌,1
屝,1
捹,2
涶,1
癊,1
粘,2
餩,2
魴,1
鰻,1
挷,1
朴,2
枭,1
渗,1
滷,2
傚,1
孿,1
磿,1
孢,2
昺,1
韃,33
毯,1
蛆,1
😀,1
寛,1
檷,1
👍,3
💪,1
😄,1
😈,1
😊,1
😌,2
🙈,3
🤩,1
🤯,1
🥳,1
